1018,politics
1319,tech
1138,sport
459,entertainment
1020,politics
51,business
2025,politics
1479,entertainment
27,entertainment
397,business
1644,politics
263,entertainment
765,politics
2134,tech
297,sport
1712,sport
1631,business
942,tech
1549,sport
516,business
2215,politics
531,politics
1541,politics
1340,tech
56,business
2138,sport
338,politics
133,entertainment
215,sport
521,business
1777,business
185,sport
2105,business
1556,tech
659,business
1837,business
59,business
383,sport
1581,sport
2167,sport
1593,business
1849,business
1691,entertainment
2033,sport
2092,tech
849,sport
1780,politics
1747,business
1509,politics
1305,business
2055,business
2139,politics
57,politics
1496,politics
671,sport
1193,politics
2104,tech
872,entertainment
606,politics
1502,tech
244,business
381,business
1944,entertainment
725,business
369,business
211,entertainment
1861,sport
1044,tech
976,entertainment
1673,business
442,politics
144,business
1954,business
48,politics
608,sport
2165,business
913,business
1580,politics
1061,tech
529,entertainment
2137,politics
1284,sport
2040,entertainment
349,sport
1385,politics
1307,politics
807,business
333,entertainment
786,politics
1775,politics
558,sport
592,business
2172,entertainment
1735,business
1188,politics
511,politics
157,business
646,sport
8,business
821,business
1001,tech
309,politics
1732,politics
1291,sport
2136,business
999,politics
1258,tech
721,business
1922,business
954,entertainment
847,business
846,entertainment
313,business
1997,business
322,tech
1221,tech
129,politics
981,business
330,politics
1172,politics
2123,entertainment
1165,politics
1592,sport
2094,business
841,entertainment
1224,sport
72,politics
1176,tech
1285,business
1671,sport
67,tech
952,politics
884,business
2011,entertainment
1979,business
519,entertainment
1132,politics
1782,entertainment
112,business
1996,business
683,entertainment
1447,entertainment
472,politics
562,entertainment
1476,politics
1339,business
1972,entertainment
875,politics
1067,sport
1442,entertainment
708,sport
515,sport
118,sport
1513,entertainment
1227,politics
1196,sport
635,sport
1669,politics
1823,business
483,politics
1477,politics
509,tech
667,business
127,tech
1316,politics
1983,sport
598,politics
1654,politics
1232,politics
703,politics
2051,politics
451,politics
1924,entertainment
852,tech
1889,business
1695,politics
417,business
2125,sport
2087,sport
1274,tech
579,business
398,politics
1898,business
87,sport
2024,business
1927,business
1019,business
1892,business
357,sport
1161,business
52,politics
1798,sport
2028,entertainment
58,business
258,business
638,business
541,business
2190,entertainment
1936,politics
1293,business
2181,sport
1329,sport
146,entertainment
89,entertainment
1627,business
1123,entertainment
1233,sport
580,politics
591,business
1933,sport
911,entertainment
971,politics
1154,business
1622,sport
539,sport
1131,entertainment
1839,politics
545,sport
1910,tech
799,entertainment
1016,sport
1460,entertainment
1286,business
296,entertainment
1345,tech
1568,business
502,business
1530,politics
81,sport
2162,tech
1519,business
1634,entertainment
1586,politics
469,business
382,sport
353,tech
1666,business
1457,politics
2182,politics
1591,politics
1643,sport
1822,tech
742,entertainment
1956,business
1829,politics
1675,sport
376,tech
1626,politics
168,business
321,sport
715,business
1278,sport
653,tech
1206,business
411,business
931,politics
1576,politics
1207,tech
1729,business
851,business
994,entertainment
223,business
763,politics
977,business
1094,entertainment
582,sport
1845,sport
965,tech
1461,tech
945,politics
746,business
1768,entertainment
1242,politics
259,sport
866,tech
1288,entertainment
915,business
337,sport
1842,politics
975,entertainment
1890,business
1694,sport
367,tech
1270,politics
1679,business
717,sport
838,politics
1857,sport
798,business
1915,politics
1051,business
99,politics
810,politics
1662,politics
1521,business
1693,politics
347,entertainment
60,politics
1958,sport
723,politics
402,politics
662,politics
3,sport
84,business
1551,sport
1684,politics
806,business
1721,business
446,business
326,business
2211,business
2037,entertainment
1158,politics
498,business
2122,politics
1905,politics
564,politics
939,business
1,business
567,business
1219,business
1720,sport
1015,sport
1459,tech
633,entertainment
1384,politics
242,business
1334,entertainment
1456,business
1298,sport
1567,tech
205,entertainment
385,politics
795,business
1083,politics
1953,entertainment
1987,business
1748,business
1869,business
34,entertainment
604,sport
142,business
1832,sport
1865,sport
862,tech
1191,business
22,tech
1883,politics
737,sport
1262,entertainment
1601,entertainment
1404,entertainment
1296,business
2163,tech
1168,sport
438,business
1888,business
694,business
1663,entertainment
861,entertainment
704,business
1010,business
2039,business
854,business
1562,entertainment
1422,business
874,sport
1272,entertainment
1405,politics
2049,politics
620,business
2022,business
925,politics
1573,tech
1187,politics
1471,sport
504,business
576,politics
222,tech
95,tech
332,tech
1895,politics
2106,business
1181,entertainment
776,politics
9,business
808,entertainment
1002,entertainment
784,entertainment
845,tech
1416,sport
1762,business
525,business
596,politics
1800,entertainment
1341,tech
113,politics
134,entertainment
270,business
1324,business
12,business
782,business
1357,politics
1608,sport
1134,politics
276,politics
41,business
1705,politics
732,sport
968,politics
1006,business
1140,business
966,entertainment
1399,sport
586,tech
868,business
1698,sport
452,tech
600,entertainment
354,business
1281,business
914,politics
1430,politics
554,business
1659,politics
1727,entertainment
640,politics
691,politics
1531,entertainment
1389,entertainment
1545,business
462,business
2101,tech
1907,entertainment
1373,entertainment
1787,business
2202,sport
961,business
680,tech
1059,business
626,business
1961,sport
1048,business
336,politics
719,politics
1563,sport
963,sport
179,entertainment
1438,politics
1189,business
2126,business
895,politics
2005,politics
819,politics
23,entertainment
457,politics
1423,business
100,entertainment
1448,business
97,sport
172,sport
1918,politics
938,entertainment
752,tech
2222,business
2038,politics
24,entertainment
1325,business
409,tech
624,business
1367,tech
621,entertainment
1302,politics
505,sport
2057,politics
265,entertainment
262,business
2176,politics
1304,business
1539,business
700,sport
2124,entertainment
2203,entertainment
781,sport
1558,politics
1419,business
1311,business
124,politics
664,business
282,business
1700,business
1107,politics
922,politics
652,business
713,sport
1068,business
1116,politics
869,politics
1703,sport
1668,business
501,tech
2053,entertainment
908,politics
1306,entertainment
348,business
149,entertainment
1173,entertainment
6,business
1180,sport
107,sport
1629,politics
131,tech
1046,business
698,sport
751,business
1501,tech
73,business
1463,politics
1856,business
1074,entertainment
2225,politics
1313,sport
933,politics
1136,politics
779,business
1315,business
1628,politics
432,politics
546,business
1779,politics
1514,tech
1365,tech
1776,sport
109,sport
235,entertainment
162,business
2071,politics
412,business
1092,business
1352,politics
294,business
1973,business
493,business
45,sport
2189,sport
1417,politics
2140,tech
1265,politics
1353,politics
830,politics
448,business
535,sport
1656,politics
996,entertainment
1246,business
161,politics
1267,business
138,business
1575,business
1810,politics
2065,politics
768,politics
1507,business
1520,sport
71,politics
1484,business
163,tech
1171,business
769,politics
77,politics
1252,business
532,politics
1975,politics
178,politics
1237,business
1899,politics
676,business
2008,politics
1807,business
481,business
17,tech
837,sport
523,entertainment
2099,sport
1957,business
1470,business
1151,politics
489,entertainment
823,business
1743,tech
1035,business
2103,business
1230,sport
1636,sport
103,politics
927,sport
379,business
1789,business
278,business
887,politics
1300,business
394,politics
625,tech
1770,sport
1959,politics
1371,politics
1359,business
921,business
404,politics
422,business
503,business
1773,business
2174,business
1086,business
1986,business
2007,business
13,politics
796,business
585,business
1200,politics
642,business
237,business
1826,politics
43,tech
1594,politics
594,entertainment
1084,entertainment
1859,politics
524,business
463,politics
1085,entertainment
668,entertainment
2132,business
1970,sport
260,business
141,tech
468,entertainment
269,business
414,politics
2097,politics
1420,business
1472,tech
1757,business
243,business
1142,business
1295,sport
1660,sport
1635,politics
2200,entertainment
2146,sport
5,business
1256,business
2090,entertainment
1816,business
1991,business
1310,sport
1162,business
499,tech
285,business
1216,business
745,business
421,business
2068,tech
1145,business
681,entertainment
556,sport
1063,business
55,sport
910,tech
2066,business
1025,business
2154,politics
64,business
2218,sport
2013,business
1105,politics
669,politics
827,business
1335,business
1426,business
2196,sport
368,business
1535,business
1672,business
599,politics
2085,entertainment
1577,business
724,sport
568,politics
2018,business
1543,business
308,entertainment
1356,business
573,entertainment
1746,tech
1290,politics
272,business
139,business
2191,sport
1255,business
1699,tech
1616,business
1619,business
1032,politics
287,tech
2194,business
928,business
584,politics
1722,sport
1685,sport
1828,sport
692,business
1393,politics
540,tech
1317,sport
152,sport
650,entertainment
191,business
1719,sport
1564,business
350,tech
116,entertainment
1000,politics
36,business
1225,business
2155,business
553,tech
551,politics
1724,tech
1512,business
1923,entertainment
373,business
1704,business
206,entertainment
471,business
